font_name,accuracy,font_size,vox_atypl,underlined,bold
Libra Regular,79.75%,22,manual,False,False
BreitkopfFraktur,91.28%,22,manual,True,False
BreitkopfFraktur,90.97%,16,manual,True,False
AshleyScriptMTStdRg,94.70%,18,manual,False,False
Libra Regular,69.16%,32,manual,True,False
balzac,0.00%,32,manual,True,False
balzac,70.40%,22,manual,False,False
AshleyScriptMTStdRg,92.83%,34,manual,False,False
Dom Regular,93.46%,30,manual,False,False
AshleyScriptMTStdRg,95.95%,12,manual,True,False
Libra Regular,71.96%,28,manual,True,False
Libra Regular,78.82%,10,manual,True,False
AshleyScriptMTStdRg,94.39%,14,manual,False,False
balzac,0.00%,34,manual,False,False
BreitkopfFraktur,91.90%,12,manual,True,False
Dom Regular,91.59%,32,manual,True,False
BreitkopfFraktur,93.77%,18,manual,True,False
balzac,0.00%,18,manual,False,False
balzac,0.00%,22,manual,True,False
Libra Regular,79.75%,22,manual,True,False
balzac,84.42%,10,manual,False,False
Libra Regular,74.45%,24,manual,False,False
balzac,0.00%,24,manual,True,False
AshleyScriptMTStdRg,92.52%,26,manual,False,False
Dom Regular,93.77%,20,manual,False,False
Dom Regular,94.70%,18,manual,False,False
Libra Regular,71.34%,26,manual,True,False
Dom Regular,94.39%,16,manual,False,False
AshleyScriptMTStdRg,94.08%,20,manual,True,False
BreitkopfFraktur,88.16%,26,manual,False,False
AshleyScriptMTStdRg,96.26%,10,manual,True,False
BreitkopfFraktur,89.41%,26,manual,True,False
balzac,0.00%,30,manual,True,False
Libra Regular,69.47%,28,manual,False,False
Libra Regular,77.57%,14,manual,True,False
AshleyScriptMTStdRg,95.33%,12,manual,False,False
BreitkopfFraktur,87.85%,34,manual,False,False
Libra Regular,64.49%,32,manual,False,False
Libra Regular,81.62%,20,manual,True,False
Dom Regular,91.28%,30,manual,True,False
balzac,0.62%,14,manual,True,False
AshleyScriptMTStdRg,93.77%,34,manual,True,False
Libra Regular,74.77%,20,manual,False,False
Dom Regular,95.02%,12,manual,True,False
AshleyScriptMTStdRg,94.08%,16,manual,True,False
Libra Regular,73.52%,12,manual,False,False
AshleyScriptMTStdRg,95.33%,20,manual,False,False
BreitkopfFraktur,88.16%,34,manual,True,False
BreitkopfFraktur,90.97%,22,manual,False,False
Dom Regular,95.33%,10,manual,False,False
Dom Regular,94.08%,28,manual,False,False
Dom Regular,95.02%,16,manual,True,False
Dom Regular,93.15%,32,manual,False,False
balzac,27.41%,12,manual,False,False
balzac,0.00%,26,manual,True,False
BreitkopfFraktur,91.90%,14,manual,True,False
AshleyScriptMTStdRg,94.08%,28,manual,False,False
balzac,0.62%,20,manual,True,False
AshleyScriptMTStdRg,92.83%,32,manual,True,False
balzac,0.00%,34,manual,True,False
Libra Regular,81.93%,12,manual,True,False
Dom Regular,91.90%,34,manual,True,False
AshleyScriptMTStdRg,92.52%,30,manual,True,False
AshleyScriptMTStdRg,95.64%,16,manual,False,False
BreitkopfFraktur,91.28%,24,manual,True,False
Dom Regular,94.08%,10,manual,True,False
balzac,0.00%,28,manual,False,False
AshleyScriptMTStdRg,94.70%,22,manual,False,False
balzac,0.00%,32,manual,False,False
Dom Regular,93.77%,24,manual,False,False
BreitkopfFraktur,91.59%,16,manual,False,False
Libra Regular,81.62%,16,manual,True,False
Libra Regular,77.57%,14,manual,False,False
AshleyScriptMTStdRg,96.57%,10,manual,False,False
AshleyScriptMTStdRg,93.15%,32,manual,False,False
Libra Regular,65.42%,34,manual,False,False
balzac,48.91%,12,manual,True,False
balzac,0.00%,14,manual,False,False
Libra Regular,74.14%,26,manual,False,False
Libra Regular,78.82%,18,manual,False,False
Dom Regular,92.52%,34,manual,False,False
BreitkopfFraktur,92.83%,18,manual,False,False
Libra Regular,62.93%,34,manual,True,False
Libra Regular,80.69%,16,manual,False,False
balzac,0.00%,16,manual,True,False
BreitkopfFraktur,90.97%,28,manual,False,False
Dom Regular,92.83%,24,manual,True,False
BreitkopfFraktur,90.97%,28,manual,True,False
Dom Regular,95.02%,12,manual,False,False
Libra Regular,81.00%,18,manual,True,False
Dom Regular,93.77%,26,manual,False,False
AshleyScriptMTStdRg,92.83%,26,manual,True,False
AshleyScriptMTStdRg,95.33%,14,manual,True,False
BreitkopfFraktur,89.41%,30,manual,True,False
BreitkopfFraktur,89.41%,20,manual,False,False
balzac,38.94%,10,manual,True,False
balzac,0.00%,28,manual,True,False
Libra Regular,67.29%,30,manual,True,False
Dom Regular,75.39%,22,manual,True,False
AshleyScriptMTStdRg,95.02%,18,manual,True,False
BreitkopfFraktur,85.67%,30,manual,False,False
BreitkopfFraktur,93.15%,10,manual,True,False
BreitkopfFraktur,85.98%,32,manual,False,False
balzac,87.23%,16,manual,False,False
BreitkopfFraktur,92.52%,10,manual,False,False
Libra Regular,77.88%,24,manual,True,False
balzac,0.00%,20,manual,False,False
AshleyScriptMTStdRg,94.08%,24,manual,False,False
AshleyScriptMTStdRg,94.70%,22,manual,True,False
Dom Regular,93.46%,20,manual,True,False
balzac,0.00%,26,manual,False,False
BreitkopfFraktur,92.21%,12,manual,False,False
Dom Regular,94.08%,14,manual,False,False
Libra Regular,67.29%,30,manual,False,False
AshleyScriptMTStdRg,93.15%,24,manual,True,False
Dom Regular,92.83%,28,manual,True,False
BreitkopfFraktur,91.28%,24,manual,False,False
AshleyScriptMTStdRg,92.52%,30,manual,False,False
BreitkopfFraktur,90.65%,14,manual,False,False
Dom Regular,93.77%,18,manual,True,False
balzac,0.00%,30,manual,False,False
Dom Regular,94.08%,14,manual,True,False
AshleyScriptMTStdRg,93.15%,28,manual,True,False
BreitkopfFraktur,90.65%,20,manual,True,False
Dom Regular,93.15%,26,manual,True,False
BreitkopfFraktur,88.16%,32,manual,True,False
Libra Regular,79.44%,10,manual,False,False
balzac,0.00%,24,manual,False,False
balzac,0.00%,18,manual,True,False
Dom Regular,94.39%,22,manual,False,False
MISTRAL,64.80%,34,scripts,False,False
Anglaise,8.72%,34,scripts,True,False
Anglaise,25.86%,30,scripts,False,False
mercurius,92.52%,28,scripts,False,False
Anglaise,1.25%,18,scripts,True,False
balzac,0.00%,32,scripts,True,False
balzac,70.40%,22,scripts,False,False
mercurius,91.59%,32,scripts,False,False
MISTRAL,81.31%,16,scripts,False,False
balzac,0.00%,34,scripts,False,False
MISTRAL,43.30%,18,scripts,True,False
mercurius,96.57%,14,scripts,False,False
mercurius,94.39%,20,scripts,False,False
Anglaise,12.15%,10,scripts,True,False
balzac,0.00%,18,scripts,False,False
balzac,0.00%,22,scripts,True,False
MISTRAL,37.38%,28,scripts,True,False
balzac,84.42%,10,scripts,False,False
balzac,0.00%,24,scripts,True,False
mercurius,95.95%,16,scripts,False,False
Anglaise,33.64%,10,scripts,False,False
MISTRAL,60.75%,22,scripts,False,False
MISTRAL,30.53%,30,scripts,True,False
mercurius,93.46%,22,scripts,True,False
Anglaise,43.61%,24,scripts,False,False
MISTRAL,62.93%,22,scripts,True,False
MISTRAL,77.57%,32,scripts,True,False
mercurius,36.45%,10,scripts,True,False
balzac,0.00%,30,scripts,True,False
mercurius,94.08%,28,scripts,True,False
Anglaise,9.03%,14,scripts,True,False
MISTRAL,81.62%,10,scripts,False,False
Anglaise,0.62%,20,scripts,True,False
MISTRAL,18.07%,20,scripts,True,False
balzac,0.62%,14,scripts,True,False
MISTRAL,75.08%,10,scripts,True,False
Anglaise,27.73%,16,scripts,False,False
mercurius,93.46%,30,scripts,True,False
Anglaise,1.56%,34,scripts,False,False
Anglaise,0.62%,28,scripts,True,False
mercurius,93.77%,26,scripts,False,False
MISTRAL,48.91%,24,scripts,True,False
MISTRAL,70.72%,12,scripts,True,False
mercurius,96.26%,12,scripts,False,False
balzac,27.41%,12,scripts,False,False
balzac,0.00%,26,scripts,True,False
Anglaise,11.21%,26,scripts,True,False
balzac,0.62%,20,scripts,True,False
balzac,0.00%,34,scripts,True,False
MISTRAL,75.70%,18,scripts,False,False
Anglaise,43.61%,26,scripts,False,False
balzac,0.00%,28,scripts,False,False
Anglaise,0.62%,24,scripts,True,False
Anglaise,7.17%,22,scripts,True,False
mercurius,92.52%,24,scripts,False,False
MISTRAL,21.50%,26,scripts,True,False
balzac,0.00%,32,scripts,False,False
Anglaise,37.69%,32,scripts,False,False
Anglaise,31.46%,22,scripts,False,False
Anglaise,27.73%,30,scripts,True,False
MISTRAL,76.01%,28,scripts,False,False
mercurius,94.70%,22,scripts,False,False
mercurius,93.77%,24,scripts,True,False
Anglaise,33.02%,14,scripts,False,False
Anglaise,12.77%,12,scripts,True,False
balzac,48.91%,12,scripts,True,False
balzac,0.00%,14,scripts,False,False
mercurius,95.95%,18,scripts,True,False
mercurius,78.19%,12,scripts,True,False
balzac,0.00%,16,scripts,True,False
Anglaise,26.17%,20,scripts,False,False
mercurius,96.26%,10,scripts,False,False
MISTRAL,81.00%,14,scripts,False,False
MISTRAL,86.92%,12,scripts,False,False
MISTRAL,73.21%,26,scripts,False,False
balzac,38.94%,10,scripts,True,False
balzac,0.00%,28,scripts,True,False
MISTRAL,74.77%,20,scripts,False,False
Anglaise,37.38%,18,scripts,False,False
mercurius,94.39%,16,scripts,True,False
Anglaise,24.61%,12,scripts,False,False
mercurius,91.90%,32,scripts,True,False
balzac,87.23%,16,scripts,False,False
mercurius,95.02%,20,scripts,True,False
balzac,0.00%,20,scripts,False,False
MISTRAL,70.72%,30,scripts,False,False
MISTRAL,73.21%,14,scripts,True,False
mercurius,93.15%,26,scripts,True,False
balzac,0.00%,26,scripts,False,False
mercurius,91.90%,34,scripts,False,False
MISTRAL,24.61%,16,scripts,True,False
Anglaise,37.38%,32,scripts,True,False
MISTRAL,33.96%,34,scripts,True,False
Anglaise,-0.93%,16,scripts,True,False
mercurius,91.59%,34,scripts,True,False
mercurius,93.15%,30,scripts,False,False
balzac,0.00%,30,scripts,False,False
MISTRAL,76.95%,24,scripts,False,False
mercurius,94.70%,14,scripts,True,False
MISTRAL,57.94%,32,scripts,False,False
balzac,0.00%,24,scripts,False,False
Anglaise,34.27%,28,scripts,False,False
balzac,0.00%,18,scripts,True,False
mercurius,95.64%,18,scripts,False,False
vendomeregular,95.33%,20,garaldes,True,False
Bembo-Bold-Font,95.95%,20,garaldes,False,True
vendomeregular,95.95%,10,garaldes,True,False
Garamond Regular,96.57%,10,garaldes,False,False
vendomeregular,95.02%,30,garaldes,True,False
vendomeregular,94.70%,22,garaldes,True,False
Bembo-Bold-Font,96.57%,24,garaldes,True,False
grandjean,16.20%,34,garaldes,True,False
Bembo-Bold-Font,95.64%,14,garaldes,True,False
vendomeregular,95.64%,32,garaldes,False,False
DeRoos,93.77%,16,garaldes,True,False
grandjean,18.69%,22,garaldes,True,False
vendomeregular,96.57%,12,garaldes,True,False
DeRoos,93.77%,24,garaldes,True,False
Garamond Regular,96.57%,14,garaldes,True,False
DeRoos,92.83%,28,garaldes,True,False
grandjean,18.38%,32,garaldes,False,False
DeRoos,93.77%,22,garaldes,True,False
Garamond Regular,95.33%,28,garaldes,False,False
Bembo-Bold-Font,93.77%,32,garaldes,False,True
vendomeregular,95.95%,18,garaldes,False,False
grandjean,15.89%,34,garaldes,False,False
Garamond Regular,95.64%,16,garaldes,False,False
vendomeregular,95.95%,18,garaldes,True,False
grandjean,16.82%,26,garaldes,True,False
vendomeregular,95.02%,16,garaldes,True,False
Garamond Regular,95.33%,32,garaldes,False,False
Bembo-Bold-Font,96.88%,24,garaldes,False,True
Bembo-Bold-Font,92.83%,32,garaldes,True,False
Bembo-Bold-Font,94.08%,22,garaldes,True,False
grandjean,17.45%,26,garaldes,False,False
Bembo-Bold-Font,96.57%,12,garaldes,False,True
DeRoos,94.08%,10,garaldes,True,False
Bembo-Bold-Font,95.33%,16,garaldes,False,True
Garamond Regular,96.57%,12,garaldes,False,False
vendomeregular,95.02%,24,garaldes,True,False
vendomeregular,95.33%,14,garaldes,True,False
DeRoos,94.08%,26,garaldes,False,False
grandjean,21.81%,14,garaldes,False,False
grandjean,21.81%,10,garaldes,False,False
Bembo-Bold-Font,95.95%,18,garaldes,True,False
grandjean,18.07%,28,garaldes,True,False
Bembo-Bold-Font,95.33%,28,garaldes,True,False
DeRoos,82.24%,16,garaldes,False,False
Bembo-Bold-Font,96.26%,10,garaldes,False,True
DeRoos,94.39%,34,garaldes,False,False
Garamond Regular,94.70%,22,garaldes,False,False
Garamond Regular,95.33%,24,garaldes,True,False
grandjean,17.76%,30,garaldes,False,False
grandjean,18.07%,12,garaldes,True,False
Garamond Regular,96.26%,10,garaldes,True,False
DeRoos,96.57%,10,garaldes,False,False
grandjean,17.45%,24,garaldes,True,False
vendomeregular,96.57%,12,garaldes,False,False
Bembo-Bold-Font,95.64%,30,garaldes,False,True
Garamond Regular,94.39%,18,garaldes,True,False
Garamond Regular,92.21%,18,garaldes,False,False
grandjean,18.69%,32,garaldes,True,False
vendomeregular,95.33%,28,garaldes,True,False
DeRoos,95.02%,28,garaldes,False,False
Bembo-Bold-Font,95.02%,22,garaldes,False,True
DeRoos,93.77%,30,garaldes,True,False
vendomeregular,93.46%,34,garaldes,True,False
DeRoos,95.02%,24,garaldes,False,False
Garamond Regular,94.39%,30,garaldes,False,False
Garamond Regular,95.33%,34,garaldes,True,False
vendomeregular,96.57%,10,garaldes,False,False
grandjean,16.51%,24,garaldes,False,False
DeRoos,95.02%,22,garaldes,False,False
Garamond Regular,95.64%,20,garaldes,True,False
DeRoos,92.83%,26,garaldes,True,False
grandjean,19.31%,12,garaldes,False,False
Garamond Regular,93.46%,26,garaldes,True,False
Bembo-Bold-Font,95.95%,18,garaldes,False,True
grandjean,19.00%,18,garaldes,False,False
vendomeregular,95.33%,30,garaldes,False,False
Garamond Regular,95.95%,16,garaldes,True,False
Bembo-Bold-Font,95.64%,14,garaldes,False,True
Garamond Regular,96.26%,24,garaldes,False,False
vendomeregular,94.08%,26,garaldes,True,False
DeRoos,95.33%,18,garaldes,False,False
vendomeregular,94.08%,34,garaldes,False,False
DeRoos,94.70%,14,garaldes,True,False
grandjean,19.00%,18,garaldes,True,False
DeRoos,95.33%,12,garaldes,True,False
Garamond Regular,94.70%,28,garaldes,True,False
Garamond Regular,95.02%,20,garaldes,False,False
Garamond Regular,95.02%,30,garaldes,True,False
Garamond Regular,94.08%,22,garaldes,True,False
DeRoos,94.08%,32,garaldes,False,False
DeRoos,95.64%,14,garaldes,False,False
Bembo-Bold-Font,96.26%,20,garaldes,True,False
DeRoos,92.83%,34,garaldes,True,False
grandjean,17.45%,20,garaldes,True,False
vendomeregular,95.33%,24,garaldes,False,False
Bembo-Bold-Font,94.39%,30,garaldes,True,False
DeRoos,93.46%,32,garaldes,True,False
Garamond Regular,94.70%,26,garaldes,False,False
Garamond Regular,95.33%,32,garaldes,True,False
grandjean,20.25%,10,garaldes,True,False
grandjean,18.38%,16,garaldes,False,False
Bembo-Bold-Font,94.70%,26,garaldes,True,False
grandjean,22.12%,14,garaldes,True,False
vendomeregular,95.33%,22,garaldes,False,False
Bembo-Bold-Font,93.46%,34,garaldes,True,False
Bembo-Bold-Font,95.02%,26,garaldes,False,True
vendomeregular,96.57%,14,garaldes,False,False
vendomeregular,95.33%,28,garaldes,False,False
grandjean,18.69%,22,garaldes,False,False
DeRoos,95.02%,20,garaldes,False,False
DeRoos,96.26%,12,garaldes,False,False
DeRoos,95.02%,30,garaldes,False,False
vendomeregular,95.64%,26,garaldes,False,False
Garamond Regular,96.26%,12,garaldes,True,False
vendomeregular,95.33%,32,garaldes,True,False
Bembo-Bold-Font,96.57%,12,garaldes,True,False
grandjean,18.69%,30,garaldes,True,False
Garamond Regular,96.57%,14,garaldes,False,False
Bembo-Bold-Font,93.77%,34,garaldes,False,True
Bembo-Bold-Font,94.70%,16,garaldes,True,False
grandjean,18.07%,16,garaldes,True,False
Bembo-Bold-Font,96.57%,10,garaldes,True,False
DeRoos,91.59%,18,garaldes,True,False
grandjean,18.07%,28,garaldes,False,False
grandjean,16.82%,20,garaldes,False,False
Garamond Regular,95.33%,34,garaldes,False,False
DeRoos,93.77%,20,garaldes,True,False
vendomeregular,95.64%,20,garaldes,False,False
vendomeregular,96.57%,16,garaldes,False,False
Bembo-Bold-Font,95.33%,28,garaldes,False,True
City Medium,93.77%,34,mechanistic,True,False
Clarendon-Regular,95.33%,22,mechanistic,False,False
Rockwell,94.39%,20,mechanistic,True,False
Clarendon-Regular,92.52%,32,mechanistic,False,False
City Medium,95.33%,24,mechanistic,False,False
Rockwell-Bold,93.77%,22,mechanistic,True,False
Rockwell-Bold,93.77%,28,mechanistic,True,False
Rockwell-Bold,95.33%,16,mechanistic,False,True
Caslon Ionic Web Regular Regular,95.33%,34,mechanistic,False,False
Rockwell-Bold,95.64%,22,mechanistic,False,True
Clarendon-Regular,96.57%,12,mechanistic,False,False
Rockwell,93.46%,26,mechanistic,True,False
CENTURY,95.33%,28,mechanistic,False,False
Caslon Ionic Web Regular Regular,93.46%,30,mechanistic,False,False
Rockwell,96.57%,10,mechanistic,False,False
Clarendon-Regular,95.64%,14,mechanistic,False,False
CENTURY,96.57%,10,mechanistic,False,False
CENTURY,96.26%,14,mechanistic,True,False
Rockwell,96.57%,10,mechanistic,True,False
City Medium,95.02%,26,mechanistic,False,False
Rockwell,93.15%,32,mechanistic,True,False
Rockwell-Bold,95.02%,26,mechanistic,False,True
City Medium,95.02%,32,mechanistic,False,False
CENTURY,92.83%,32,mechanistic,True,False
Rockwell,94.70%,32,mechanistic,False,False
CENTURY,94.08%,22,mechanistic,False,False
Rockwell-Bold,96.57%,10,mechanistic,True,False
Clarendon-Regular,94.08%,28,mechanistic,False,False
CENTURY,95.95%,16,mechanistic,False,False
Clarendon-Regular,92.52%,30,mechanistic,True,False
Clarendon-Regular,96.88%,12,mechanistic,True,False
Rockwell,93.46%,34,mechanistic,False,False
CENTURY,94.08%,24,mechanistic,True,False
City Medium,96.26%,22,mechanistic,False,False
Rockwell,96.57%,12,mechanistic,False,False
Rockwell,94.08%,24,mechanistic,True,False
Rockwell,94.08%,28,mechanistic,True,False
Caslon Ionic Web Regular Regular,95.02%,24,mechanistic,True,False
City Medium,94.08%,22,mechanistic,True,False
Clarendon-Regular,92.83%,34,mechanistic,True,False
CENTURY,94.39%,28,mechanistic,True,False
Rockwell-Bold,96.57%,10,mechanistic,False,True
Rockwell-Bold,96.88%,12,mechanistic,False,True
Rockwell,95.95%,16,mechanistic,False,False
City Medium,96.57%,12,mechanistic,True,False
Clarendon-Regular,95.02%,18,mechanistic,True,False
Caslon Ionic Web Regular Regular,96.88%,12,mechanistic,False,False
CENTURY,96.26%,14,mechanistic,False,False
CENTURY,96.57%,12,mechanistic,True,False
CENTURY,95.02%,30,mechanistic,True,False
City Medium,96.88%,10,mechanistic,False,False
Rockwell,95.33%,28,mechanistic,False,False
City Medium,94.70%,20,mechanistic,True,False
Rockwell-Bold,96.26%,14,mechanistic,True,False
Rockwell-Bold,95.64%,24,mechanistic,False,True
CENTURY,95.02%,18,mechanistic,False,False
Rockwell,95.95%,14,mechanistic,True,False
CENTURY,94.39%,18,mechanistic,True,False
Caslon Ionic Web Regular Regular,95.33%,18,mechanistic,True,False
Caslon Ionic Web Regular Regular,92.52%,30,mechanistic,True,False
Clarendon-Regular,95.64%,10,mechanistic,True,False
Clarendon-Regular,95.64%,16,mechanistic,True,False
CENTURY,93.46%,26,mechanistic,True,False
City Medium,95.33%,34,mechanistic,False,False
Rockwell,95.02%,26,mechanistic,False,False
City Medium,96.57%,14,mechanistic,False,False
CENTURY,95.02%,20,mechanistic,True,False
Clarendon-Regular,91.90%,32,mechanistic,True,False
Caslon Ionic Web Regular Regular,95.33%,16,mechanistic,False,False
CENTURY,96.26%,10,mechanistic,True,False
Rockwell,96.57%,12,mechanistic,True,False
Rockwell-Bold,95.33%,28,mechanistic,False,True
Clarendon-Regular,95.33%,18,mechanistic,False,False
Rockwell-Bold,96.26%,14,mechanistic,False,True
CENTURY,95.64%,24,mechanistic,False,False
Clarendon-Regular,94.70%,26,mechanistic,False,False
Rockwell,95.95%,14,mechanistic,False,False
Rockwell,93.15%,34,mechanistic,True,False
Caslon Ionic Web Regular Regular,93.77%,28,mechanistic,True,False
Clarendon-Regular,95.33%,20,mechanistic,False,False
Clarendon-Regular,95.02%,24,mechanistic,False,False
Clarendon-Regular,94.70%,24,mechanistic,True,False
CENTURY,92.83%,34,mechanistic,True,False
Rockwell-Bold,93.15%,32,mechanistic,False,True
Caslon Ionic Web Regular Regular,95.33%,20,mechanistic,False,False
City Medium,96.57%,12,mechanistic,False,False
Rockwell-Bold,93.15%,30,mechanistic,True,False
Caslon Ionic Web Regular Regular,95.02%,20,mechanistic,True,False
Rockwell-Bold,93.77%,20,mechanistic,True,False
Caslon Ionic Web Regular Regular,96.26%,10,mechanistic,False,False
Caslon Ionic Web Regular Regular,95.02%,24,mechanistic,False,False
Clarendon-Regular,93.46%,28,mechanistic,True,False
Caslon Ionic Web Regular Regular,95.33%,22,mechanistic,False,False
Clarendon-Regular,95.64%,14,mechanistic,True,False
Rockwell-Bold,94.70%,26,mechanistic,True,False
Rockwell-Bold,95.02%,16,mechanistic,True,False
Rockwell-Bold,94.08%,30,mechanistic,False,True
City Medium,94.70%,18,mechanistic,True,False
Rockwell,95.64%,24,mechanistic,False,False
Rockwell,95.02%,18,mechanistic,True,False
Caslon Ionic Web Regular Regular,94.70%,26,mechanistic,True,False
CENTURY,93.77%,32,mechanistic,False,False
Rockwell-Bold,95.02%,18,mechanistic,True,False
Rockwell-Bold,92.83%,32,mechanistic,True,False
Rockwell-Bold,95.02%,18,mechanistic,False,True
City Medium,93.46%,28,mechanistic,True,False
Caslon Ionic Web Regular Regular,95.64%,18,mechanistic,False,False
Rockwell,95.64%,18,mechanistic,False,False
Caslon Ionic Web Regular Regular,95.33%,22,mechanistic,True,False
Caslon Ionic Web Regular Regular,96.88%,12,mechanistic,True,False
Rockwell,93.77%,30,mechanistic,True,False
Rockwell,95.33%,22,mechanistic,False,False
CENTURY,94.70%,30,mechanistic,False,False
Rockwell-Bold,95.64%,24,mechanistic,True,False
City Medium,96.57%,14,mechanistic,True,False
CENTURY,94.70%,16,mechanistic,True,False
CENTURY,96.57%,12,mechanistic,False,False
City Medium,95.33%,20,mechanistic,False,False
Rockwell-Bold,93.46%,34,mechanistic,False,True
City Medium,96.26%,16,mechanistic,False,False
City Medium,95.02%,30,mechanistic,False,False
CENTURY,93.77%,22,mechanistic,True,False
CENTURY,95.33%,20,mechanistic,False,False
Caslon Ionic Web Regular Regular,95.64%,26,mechanistic,False,False
Rockwell-Bold,96.57%,12,mechanistic,True,False
City Medium,94.08%,30,mechanistic,True,False
Clarendon-Regular,95.95%,16,mechanistic,False,False
Rockwell,95.33%,30,mechanistic,False,False
City Medium,95.64%,10,mechanistic,True,False
Clarendon-Regular,95.02%,22,mechanistic,True,False
Clarendon-Regular,93.77%,34,mechanistic,False,False
Caslon Ionic Web Regular Regular,95.64%,10,mechanistic,True,False
City Medium,96.57%,18,mechanistic,False,False
Caslon Ionic Web Regular Regular,94.39%,28,mechanistic,False,False
Rockwell,95.64%,20,mechanistic,False,False
Caslon Ionic Web Regular Regular,92.83%,32,mechanistic,False,False
Caslon Ionic Web Regular Regular,95.64%,14,mechanistic,False,False
CENTURY,93.46%,34,mechanistic,False,False
Clarendon-Regular,93.15%,30,mechanistic,False,False
Caslon Ionic Web Regular Regular,94.39%,34,mechanistic,True,False
City Medium,95.33%,28,mechanistic,False,False
CENTURY,94.70%,26,mechanistic,False,False
Clarendon-Regular,94.39%,26,mechanistic,True,False
Rockwell,94.39%,16,mechanistic,True,False
Clarendon-Regular,96.26%,10,mechanistic,False,False
Clarendon-Regular,95.02%,20,mechanistic,True,False
Caslon Ionic Web Regular Regular,93.77%,16,mechanistic,True,False
Rockwell-Bold,94.70%,20,mechanistic,False,True
City Medium,96.26%,16,mechanistic,True,False
City Medium,94.08%,26,mechanistic,True,False
Caslon Ionic Web Regular Regular,95.33%,14,mechanistic,True,False
City Medium,94.08%,24,mechanistic,True,False
Rockwell,94.08%,22,mechanistic,True,False
Caslon Ionic Web Regular Regular,92.83%,32,mechanistic,True,False
City Medium,94.08%,32,mechanistic,True,False
Rockwell-Bold,92.83%,34,mechanistic,True,False
OPTIMA,94.08%,34,incised,True,False
Latin-Regular,37.07%,32,incised,False,False
Latin-Regular,50.16%,28,incised,False,False
Latin-Regular,28.35%,34,incised,False,False
OptimaItalic,95.02%,22,incised,True,False
mercurius,92.52%,28,incised,False,False
Latin-Regular,0.00%,34,incised,True,False
AlbertusMTStdItalic,95.33%,26,incised,True,False
Optima Medium,96.57%,12,incised,False,False
Latin-Bold,22.43%,30,incised,False,True
OPTIMABold,95.02%,32,incised,False,True
AlbertusMTStdItalic,93.77%,32,incised,True,False
OPTIMA,95.33%,24,incised,True,False
Albertus Medium Regular,95.95%,18,incised,False,False
Optima Medium,95.95%,18,incised,False,False
Albertus Medium Regular,97.51%,26,incised,False,False
mercurius,91.59%,32,incised,False,False
Latin-Regular,42.06%,12,incised,False,False
OptimaItalic,96.57%,14,incised,False,False
OPTIMABold,95.64%,20,incised,False,True
Latin-Bold,48.91%,32,incised,True,False
Latin-Regular,48.91%,32,incised,True,False
Albertus Medium Regular,95.02%,32,incised,False,False
AlbertusMTStdItalic,97.51%,12,incised,True,False
AlbertusMTStdItalic,96.26%,18,incised,True,False
Latin-Bold,0.00%,16,incised,True,False
AlbertusMTStdLight,95.33%,28,incised,False,False
AlbertusMTStdItalic,95.64%,22,incised,True,False
Albertus Medium Regular,96.88%,26,incised,True,False
OPTIMABold,94.70%,26,incised,True,False
OptimaItalic,95.02%,22,incised,False,False
Albertus Medium Regular,96.26%,16,incised,True,False
Latin-Bold,0.62%,12,incised,True,False
mercurius,96.57%,14,incised,False,False
mercurius,94.39%,20,incised,False,False
Albertus Medium Regular,95.64%,20,incised,False,False
Latin-Regular,0.62%,12,incised,True,False
OptimaItalic,95.02%,26,incised,False,False
OPTIMABold,94.70%,30,incised,False,True
OptimaItalic,94.39%,34,incised,False,False
AlbertusMTStdItalic,98.75%,16,incised,True,False
OptimaItalic,96.57%,12,incised,False,False
AlbertusMTStd,95.02%,24,incised,True,False
Latin-Bold,28.35%,34,incised,False,True
mercurius,95.95%,16,incised,False,False
OPTIMABold,95.02%,28,incised,True,False
AlbertusMTStd,97.20%,10,incised,False,False
OptimaItalic,92.21%,34,incised,True,False
mercurius,93.46%,22,incised,True,False
OPTIMABold,95.64%,18,incised,False,True
Latin-Bold,0.00%,34,incised,True,False
Optima Medium,95.02%,22,incised,False,False
Albertus Medium Regular,96.57%,12,incised,False,False
Optima Medium,95.64%,30,incised,False,False
Latin-Regular,20.87%,26,incised,False,False
Albertus Medium Regular,95.33%,22,incised,True,False
Latin-Bold,35.20%,14,incised,False,True
AlbertusMTStd,96.57%,12,incised,False,False
OPTIMA,96.57%,12,incised,False,False
Latin-Regular,45.48%,22,incised,True,False
Latin-Bold,57.32%,18,incised,False,True
Optima Medium,94.08%,16,incised,True,False
AlbertusMTStd,91.90%,34,incised,True,False
OPTIMABold,95.95%,18,incised,True,False
Albertus Medium Regular,95.02%,20,incised,True,False
OPTIMA,94.39%,28,incised,False,False
Albertus Medium Regular,95.02%,32,incised,True,False
OPTIMABold,95.02%,24,incised,True,False
AlbertusMTStd,95.02%,30,incised,True,False
mercurius,36.45%,10,incised,True,False
AlbertusMTStd,96.26%,20,incised,False,False
OPTIMABold,95.02%,32,incised,True,False
Latin-Regular,32.71%,16,incised,False,False
OPTIMABold,96.57%,10,incised,False,True
mercurius,94.08%,28,incised,True,False
AlbertusMTStdItalic,93.77%,34,incised,True,False
OPTIMA,94.39%,30,incised,True,False
OptimaItalic,95.33%,24,incised,False,False
Latin-Regular,55.45%,22,incised,False,False
AlbertusMTStdItalic,95.02%,26,incised,False,False
Latin-Bold,0.00%,30,incised,True,False
Optima Medium,94.70%,22,incised,True,False
OptimaItalic,93.46%,30,incised,True,False
OPTIMA,95.02%,32,incised,False,False
Albertus Medium Regular,95.33%,24,incised,False,False
OPTIMABold,96.26%,12,incised,False,True
Albertus Medium Regular,96.88%,10,incised,True,False
Latin-Regular,38.94%,18,incised,True,False
AlbertusMTStdLight,96.26%,16,incised,True,False
AlbertusMTStd,96.57%,14,incised,True,False
Latin-Bold,51.40%,20,incised,False,True
Latin-Bold,32.71%,16,incised,False,True
mercurius,93.46%,30,incised,True,False
Latin-Bold,50.16%,28,incised,False,True
AlbertusMTStdLight,95.02%,28,incised,True,False
AlbertusMTStdItalic,95.33%,22,incised,False,False
AlbertusMTStdItalic,95.95%,18,incised,False,False
AlbertusMTStdLight,95.02%,26,incised,True,False
Latin-Bold,48.60%,10,incised,False,True
Optima Medium,95.33%,28,incised,True,False
OPTIMA,94.39%,34,incised,False,False
OPTIMA,93.46%,28,incised,True,False
Albertus Medium Regular,94.08%,34,incised,False,False
Albertus Medium Regular,96.88%,14,incised,True,False
mercurius,93.77%,26,incised,False,False
AlbertusMTStd,95.02%,26,incised,False,False
AlbertusMTStdItalic,95.33%,24,incised,False,False
OPTIMABold,94.70%,28,incised,False,True
OPTIMA,94.70%,30,incised,False,False
AlbertusMTStd,95.95%,18,incised,True,False
AlbertusMTStdLight,96.57%,10,incised,True,False
Albertus Medium Regular,93.77%,28,incised,True,False
mercurius,96.26%,12,incised,False,False
Optima Medium,95.33%,24,incised,False,False
OPTIMABold,95.33%,10,incised,True,False
OPTIMA,94.70%,22,incised,True,False
AlbertusMTStdItalic,95.95%,14,incised,True,False
AlbertusMTStd,96.57%,12,incised,True,False
Albertus Medium Regular,95.64%,22,incised,False,False
Albertus Medium Regular,95.95%,18,incised,True,False
OPTIMABold,95.64%,16,incised,True,False
Latin-Bold,42.06%,12,incised,False,True
OPTIMABold,96.88%,14,incised,True,False
Optima Medium,95.33%,10,incised,True,False
AlbertusMTStdItalic,95.33%,24,incised,True,False
OptimaItalic,95.33%,30,incised,False,False
OPTIMA,96.88%,14,incised,True,False
AlbertusMTStd,94.39%,28,incised,False,False
OPTIMABold,95.33%,24,incised,False,True
Latin-Bold,20.87%,26,incised,False,True
OPTIMA,95.64%,20,incised,True,False
OPTIMA,94.39%,32,incised,True,False
Optima Medium,94.39%,30,incised,True,False
OPTIMABold,93.15%,34,incised,True,False
Latin-Regular,0.00%,24,incised,False,False
AlbertusMTStd,94.39%,32,incised,False,False
Latin-Regular,22.43%,30,incised,False,False
OPTIMA,96.26%,10,incised,True,False
Latin-Regular,23.36%,14,incised,True,False
OPTIMA,96.26%,16,incised,True,False
mercurius,92.52%,24,incised,False,False
Albertus Medium Regular,95.02%,24,incised,True,False
Latin-Regular,0.00%,16,incised,True,False
AlbertusMTStdLight,95.33%,26,incised,False,False
AlbertusMTStdLight,95.02%,30,incised,False,False
Albertus Medium Regular,94.39%,28,incised,False,False
OPTIMA,96.88%,14,incised,False,False
Optima Medium,95.95%,16,incised,False,False
OptimaItalic,93.46%,32,incised,True,False
AlbertusMTStdLight,95.33%,24,incised,True,False
AlbertusMTStdLight,95.02%,30,incised,True,False
AlbertusMTStdItalic,96.88%,10,incised,True,False
AlbertusMTStd,95.02%,26,incised,True,False
AlbertusMTStdLight,96.26%,20,incised,False,False
OptimaItalic,95.02%,12,incised,True,False
OptimaItalic,95.64%,18,incised,False,False
mercurius,94.70%,22,incised,False,False
mercurius,93.77%,24,incised,True,False
Latin-Bold,38.94%,18,incised,True,False
OPTIMA,95.64%,18,incised,True,False
Latin-Regular,48.60%,10,incised,False,False
OptimaItalic,93.46%,24,incised,True,False
AlbertusMTStd,94.08%,32,incised,True,False
OPTIMABold,94.70%,22,incised,False,True
AlbertusMTStdLight,94.70%,34,incised,False,False
OPTIMA,95.02%,22,incised,False,False
AlbertusMTStdItalic,97.20%,12,incised,False,False
AlbertusMTStdItalic,96.88%,10,incised,False,False
mercurius,95.95%,18,incised,True,False
mercurius,78.19%,12,incised,True,False
OPTIMA,95.02%,24,incised,False,False
OptimaItalic,95.95%,16,incised,True,False
Optima Medium,95.64%,18,incised,True,False
Albertus Medium Regular,96.57%,12,incised,True,False
OptimaItalic,95.95%,20,incised,False,False
AlbertusMTStdLight,95.33%,24,incised,False,False
Latin-Regular,13.71%,10,incised,True,False
Latin-Regular,35.20%,14,incised,False,False
Latin-Regular,51.40%,20,incised,False,False
Optima Medium,92.52%,32,incised,True,False
OptimaItalic,94.39%,26,incised,True,False
OptimaItalic,97.51%,10,incised,False,False
Latin-Bold,0.00%,24,incised,False,True
Latin-Regular,12.15%,24,incised,True,False
Latin-Bold,0.00%,26,incised,True,False
AlbertusMTStdLight,95.95%,22,incised,True,False
AlbertusMTStdLight,95.95%,18,incised,True,False
Latin-Regular,0.00%,30,incised,True,False
Latin-Bold,12.15%,24,incised,True,False
mercurius,96.26%,10,incised,False,False
Optima Medium,93.46%,34,incised,False,False
AlbertusMTStd,95.95%,20,incised,True,False
Latin-Bold,55.45%,22,incised,False,True
AlbertusMTStdLight,96.26%,16,incised,False,False
Optima Medium,96.26%,14,incised,False,False
AlbertusMTStd,94.08%,28,incised,True,False
AlbertusMTStdItalic,93.77%,32,incised,False,False
Albertus Medium Regular,97.20%,10,incised,False,False
Albertus Medium Regular,96.88%,14,incised,False,False
Albertus Medium Regular,92.83%,34,incised,True,False
AlbertusMTStd,95.33%,22,incised,True,False
mercurius,94.39%,16,incised,True,False
OptimaItalic,95.02%,28,incised,False,False
AlbertusMTStdLight,95.95%,18,incised,False,False
AlbertusMTStdLight,95.64%,20,incised,True,False
mercurius,91.90%,32,incised,True,False
Optima Medium,94.39%,20,incised,False,False
OPTIMA,95.02%,12,incised,True,False
AlbertusMTStdItalic,94.39%,28,incised,True,False
AlbertusMTStdItalic,99.07%,16,incised,False,False
AlbertusMTStdItalic,96.26%,14,incised,False,False
Optima Medium,96.57%,10,incised,False,False
Latin-Regular,0.62%,20,incised,True,False
AlbertusMTStdLight,94.08%,34,incised,True,False
AlbertusMTStd,96.88%,14,incised,False,False
AlbertusMTStdItalic,93.77%,30,incised,False,False
OptimaItalic,97.20%,10,incised,True,False
OPTIMA,95.95%,16,incised,False,False
AlbertusMTStdItalic,95.33%,20,incised,True,False
Optima Medium,92.52%,34,incised,True,False
Latin-Regular,57.32%,18,incised,False,False
mercurius,95.02%,20,incised,True,False
OptimaItalic,94.70%,32,incised,False,False
AlbertusMTStd,96.26%,16,incised,True,False
OPTIMA,94.39%,20,incised,False,False
Optima Medium,96.57%,12,incised,True,False
AlbertusMTStdLight,95.02%,32,incised,True,False
OPTIMABold,94.70%,30,incised,True,False
OPTIMABold,94.70%,34,incised,False,True
Optima Medium,95.33%,28,incised,False,False
AlbertusMTStdItalic,95.33%,30,incised,True,False
Latin-Bold,45.48%,22,incised,True,False
AlbertusMTStdLight,96.26%,22,incised,False,False
Optima Medium,93.77%,32,incised,False,False
AlbertusMTStd,96.57%,10,incised,True,False
mercurius,93.15%,26,incised,True,False
AlbertusMTStd,95.33%,22,incised,False,False
OPTIMABold,95.33%,20,incised,True,False
OptimaItalic,94.08%,20,incised,True,False
Latin-Regular,0.00%,26,incised,True,False
mercurius,91.90%,34,incised,False,False
AlbertusMTStdLight,96.88%,14,incised,False,False
AlbertusMTStd,95.95%,18,incised,False,False
OPTIMA,93.46%,26,incised,True,False
Optima Medium,96.26%,14,incised,True,False
AlbertusMTStd,94.08%,30,incised,False,False
AlbertusMTStdLight,96.57%,12,incised,False,False
Latin-Bold,13.71%,10,incised,True,False
OPTIMA,97.20%,10,incised,False,False
OptimaItalic,96.26%,16,incised,False,False
OptimaItalic,93.15%,28,incised,True,False
AlbertusMTStdItalic,92.21%,34,incised,False,False
Albertus Medium Regular,94.70%,30,incised,False,False
AlbertusMTStd,96.26%,16,incised,False,False
OptimaItalic,95.64%,18,incised,True,False
OPTIMABold,96.88%,14,incised,False,True
mercurius,91.59%,34,incised,True,False
Optima Medium,93.77%,20,incised,True,False
Optima Medium,93.77%,26,incised,False,False
mercurius,93.15%,30,incised,False,False
Latin-Bold,0.62%,20,incised,True,False
OPTIMABold,95.95%,12,incised,True,False
Latin-Regular,0.00%,28,incised,True,False
AlbertusMTStdLight,96.88%,14,incised,True,False
AlbertusMTStdLight,94.39%,32,incised,False,False
AlbertusMTStdLight,96.57%,12,incised,True,False
OPTIMA,95.95%,18,incised,False,False
OPTIMABold,94.70%,22,incised,True,False
mercurius,94.70%,14,incised,True,False
Latin-Bold,23.36%,14,incised,True,False
OptimaItalic,95.95%,14,incised,True,False
AlbertusMTStd,92.21%,34,incised,False,False
AlbertusMTStdItalic,95.64%,20,incised,False,False
Optima Medium,94.39%,24,incised,True,False
Latin-Bold,0.00%,28,incised,True,False
OPTIMA,94.39%,26,incised,False,False
AlbertusMTStdLight,96.88%,10,incised,False,False
OPTIMABold,95.02%,26,incised,False,True
AlbertusMTStdItalic,94.39%,28,incised,False,False
Albertus Medium Regular,95.02%,30,incised,True,False
Latin-Bold,37.07%,32,incised,False,True
Optima Medium,93.46%,26,incised,True,False
OPTIMABold,95.95%,16,incised,False,True
mercurius,95.64%,18,incised,False,False
AlbertusMTStd,94.39%,24,incised,False,False
Albertus Medium Regular,96.26%,16,incised,False,False
BodoniStdBoldCondensed,95.02%,28,didones,False,True
BodoniStdBoldItalic,96.26%,10,didones,False,True
BodoniStdBookItalic,95.95%,20,didones,True,False
Didot,92.83%,10,didones,True,False
BodoniStd,95.02%,20,didones,True,False
BodoniStd,95.33%,24,didones,False,False
falstaff-regular,93.15%,26,didones,True,False
Bell MT,95.02%,18,didones,True,False
BodoniStdItalic,95.64%,32,didones,False,False
BodoniStdPosterCompressed,94.08%,32,didones,True,False
Bell MT,96.26%,12,didones,True,False
BodoniStdItalic,95.95%,16,didones,True,False
BodoniStdPoster,94.08%,26,didones,False,False
BodoniStd,96.57%,12,didones,False,False
BodoniStdBoldItalic,95.64%,20,didones,False,True
BodoniStdItalic,95.02%,32,didones,True,False
BodoniStdItalic,95.64%,26,didones,False,False
BodoniStdBookItalic,95.95%,18,didones,True,False
BodoniStd,96.88%,14,didones,False,False
BodoniStdBook,95.64%,22,didones,False,False
Didot,94.08%,16,didones,True,False
BodoniStdPosterItalic,92.52%,12,didones,True,False
BodoniStdBookItalic,96.26%,22,didones,True,False
BodoniStdBookItalic,95.02%,32,didones,False,False
BodoniStdPoster,97.82%,10,didones,False,False
Didot,95.95%,14,didones,False,False
BodoniStdBoldCondensed,95.33%,30,didones,False,True
BodoniStdBook,95.33%,30,didones,False,False
BodoniStdItalic,95.33%,18,didones,True,False
BodoniStdPosterCompressed,96.57%,22,didones,False,False
BodoniStdBookItalic,95.95%,14,didones,True,False
BodoniStdPosterItalic,93.77%,22,didones,True,False
CENTURY,95.33%,28,didones,False,False
Didot,93.15%,20,didones,True,False
bodoni,96.57%,12,didones,False,False
BodoniStdBoldItalic,95.02%,28,didones,False,True
falstaff-regular,93.77%,34,didones,False,False
BodoniStdPosterItalic,90.97%,34,didones,True,False
CENTURY,96.57%,10,didones,False,False
BodoniStdPoster,94.39%,22,didones,False,False
BodoniStdBold,95.95%,18,didones,False,True
BodoniStdPosterCompressed,95.02%,26,didones,False,False
CENTURY,96.26%,14,didones,True,False
BodoniStd,96.88%,10,didones,False,False
falstaff-regular,94.70%,20,didones,False,False
BodoniStdPosterCompressed,96.88%,12,didones,True,False
BodoniStdItalic,95.02%,18,didones,False,False
BodoniStdBoldCondensed,95.64%,26,didones,False,True
BodoniStdBookItalic,95.02%,34,didones,True,False
BodoniStdBold,94.70%,22,didones,True,False
BodoniStdPosterCompressed,96.57%,18,didones,False,False
BodoniStdBoldItalic,95.02%,22,didones,False,True
bodoni,94.08%,28,didones,True,False
CENTURY,92.83%,32,didones,True,False
BodoniStdPoster,91.90%,28,didones,True,False
BodoniStdBold,95.02%,28,didones,False,True
BodoniStdItalic,94.08%,28,didones,True,False
CENTURY,94.08%,22,didones,False,False
bodoni,93.46%,32,didones,True,False
BodoniStdItalic,95.33%,30,didones,False,False
falstaff-regular,94.39%,16,didones,True,False
Bell MT,95.33%,22,didones,True,False
Didot,94.70%,22,didones,False,False
CENTURY,95.95%,16,didones,False,False
bodoni,91.28%,34,didones,False,False
bodoni,94.70%,28,didones,False,False
Bell MT,94.39%,34,didones,False,False
BodoniStdBookItalic,96.26%,18,didones,False,False
BodoniStdPoster,94.39%,32,didones,False,False
BodoniStdBookItalic,94.70%,26,didones,False,False
BodoniStdBoldItalic,95.33%,10,didones,True,False
BodoniStdBold,95.64%,20,didones,False,True
BodoniStdPosterItalic,94.70%,20,didones,False,False
falstaff-regular,94.08%,28,didones,True,False
BodoniStdBook,95.64%,20,didones,True,False
CENTURY,94.08%,24,didones,True,False
bodoni,92.52%,16,didones,False,False
BodoniStdBookItalic,96.26%,24,didones,False,False
BodoniStdPosterCompressed,94.70%,20,didones,False,False
BodoniStdBold,95.02%,24,didones,True,False
bodoni,92.83%,30,didones,True,False
bodoni,95.02%,22,didones,False,False
BodoniStdPosterCompressed,96.88%,14,didones,False,False
BodoniStdPoster,94.08%,14,didones,True,False
BodoniStdBold,96.57%,12,didones,False,True
Bell MT,96.26%,16,didones,False,False
BodoniStdBook,96.88%,16,didones,False,False
BodoniStdPosterItalic,74.77%,10,didones,True,False
BodoniStd,96.26%,14,didones,True,False
Bell MT,95.02%,24,didones,False,False
BodoniStdItalic,92.52%,22,didones,False,False
falstaff-regular,94.70%,24,didones,False,False
Didot,94.70%,24,didones,True,False
BodoniStdBoldCondensed,94.70%,32,didones,True,False
BodoniStdPosterCompressed,96.88%,12,didones,False,False
BodoniStdBoldCondensed,96.88%,10,didones,False,True
falstaff-regular,94.70%,20,didones,True,False
BodoniStdPosterCompressed,96.57%,22,didones,True,False
BodoniStdPosterCompressed,95.95%,24,didones,True,False
bodoni,95.02%,20,didones,False,False
BodoniStdBookItalic,96.26%,16,didones,False,False
CENTURY,94.39%,28,didones,True,False
Bell MT,94.70%,32,didones,True,False
falstaff-regular,93.77%,30,didones,True,False
Bell MT,95.02%,32,didones,False,False
BodoniStdPosterItalic,94.08%,30,didones,True,False
bodoni,95.64%,18,didones,False,False
BodoniStdBoldCondensed,96.26%,18,didones,True,False
BodoniStdBookItalic,95.64%,12,didones,True,False
BodoniStd,96.57%,26,didones,False,False
BodoniStdItalic,94.39%,34,didones,False,False
BodoniStdBoldCondensed,95.33%,26,didones,True,False
BodoniStdPoster,94.70%,12,didones,True,False
CENTURY,96.26%,14,didones,False,False
Didot,94.39%,22,didones,True,False
falstaff-regular,94.70%,18,didones,False,False
BodoniStdBoldItalic,95.64%,12,didones,True,False
CENTURY,96.57%,12,didones,True,False
CENTURY,95.02%,30,didones,True,False
BodoniStdBold,94.08%,30,didones,True,False
BodoniStdBookItalic,95.02%,28,didones,True,False
BodoniStdBoldCondensed,96.26%,20,didones,True,False
BodoniStdBoldItalic,96.88%,16,didones,False,True
Didot,91.59%,34,didones,False,False
BodoniStdPoster,94.08%,16,didones,True,False
BodoniStdBold,93.15%,34,didones,False,True
BodoniStdBoldItalic,96.26%,14,didones,False,True
BodoniStd,95.02%,32,didones,True,False
Didot,95.02%,30,didones,True,False
Didot,94.70%,28,didones,True,False
bodoni,96.26%,12,didones,True,False
BodoniStdBoldCondensed,95.95%,22,didones,False,True
Bell MT,95.02%,28,didones,False,False
BodoniStd,95.95%,16,didones,True,False
Bell MT,95.02%,30,didones,False,False
BodoniStdPosterItalic,93.77%,20,didones,True,False
Didot,95.95%,18,didones,False,False
BodoniStdItalic,95.02%,24,didones,False,False
BodoniStd,96.26%,16,didones,False,False
bodoni,96.88%,14,didones,False,False
CENTURY,95.02%,18,didones,False,False
bodoni,95.33%,14,didones,True,False
falstaff-regular,95.02%,22,didones,False,False
BodoniStd,95.95%,18,didones,False,False
BodoniStdItalic,96.57%,12,didones,False,False
bodoni,94.08%,22,didones,True,False
CENTURY,94.39%,18,didones,True,False
BodoniStdBold,95.64%,26,didones,False,True
BodoniStdBoldCondensed,95.95%,22,didones,True,False
falstaff-regular,94.39%,24,didones,True,False
BodoniStdPosterCompressed,94.39%,30,didones,True,False
BodoniStdBook,95.02%,32,didones,False,False
BodoniStdBookItalic,94.08%,30,didones,True,False
BodoniStdBook,96.57%,10,didones,True,False
BodoniStdPosterItalic,94.39%,14,didones,True,False
Didot,93.77%,32,didones,True,False
Bell MT,97.51%,14,didones,True,False
BodoniStdItalic,94.08%,26,didones,True,False
CENTURY,93.46%,26,didones,True,False
BodoniStdBookItalic,94.70%,32,didones,True,False
BodoniStdPoster,96.26%,10,didones,True,False
Bell MT,93.77%,34,didones,True,False
BodoniStdBoldItalic,95.02%,20,didones,True,False
Didot,95.64%,24,didones,False,False
BodoniStdPosterItalic,95.64%,12,didones,False,False
BodoniStdBook,95.02%,28,didones,False,False
BodoniStd,95.64%,10,didones,True,False
Bell MT,93.77%,28,didones,True,False
BodoniStdItalic,96.26%,16,didones,False,False
CENTURY,95.02%,20,didones,True,False
falstaff-regular,94.39%,28,didones,False,False
BodoniStdBoldCondensed,92.83%,16,didones,True,False
BodoniStdBoldItalic,93.46%,34,didones,False,True
Bell MT,95.95%,18,didones,False,False
Bell MT,95.64%,20,didones,False,False
BodoniStdPosterCompressed,93.46%,34,didones,False,False
BodoniStd,95.64%,26,didones,True,False
falstaff-regular,95.64%,12,didones,True,False
BodoniStdBold,95.33%,30,didones,False,True
BodoniStdPoster,92.21%,30,didones,False,False
Bell MT,94.39%,26,didones,True,False
falstaff-regular,96.26%,14,didones,True,False
CENTURY,96.26%,10,didones,True,False
BodoniStd,94.70%,28,didones,False,False
BodoniStdPoster,92.52%,32,didones,True,False
bodoni,94.08%,24,didones,True,False
BodoniStdPoster,91.59%,26,didones,True,False
Didot,96.57%,10,didones,False,False
BodoniStdPosterItalic,92.21%,28,didones,False,False
BodoniStdPosterCompressed,94.39%,32,didones,False,False
BodoniStdBoldItalic,94.70%,14,didones,True,False
BodoniStdPosterItalic,92.21%,32,didones,True,False
BodoniStdBoldCondensed,95.02%,30,didones,True,False
BodoniStdItalic,95.95%,14,didones,True,False
CENTURY,95.64%,24,didones,False,False
BodoniStdBoldCondensed,94.70%,28,didones,True,False
BodoniStdBoldItalic,94.08%,22,didones,True,False
BodoniStdPoster,93.77%,20,didones,True,False
Bell MT,95.64%,22,didones,False,False
Didot,94.70%,26,didones,False,False
BodoniStdPoster,94.39%,24,didones,True,False
BodoniStdBookItalic,96.57%,14,didones,False,False
BodoniStd,95.33%,32,didones,False,False
BodoniStdBoldCondensed,96.26%,14,didones,True,False
BodoniStdPosterItalic,92.83%,34,didones,False,False
BodoniStdItalic,95.64%,12,didones,True,False
BodoniStdBold,96.26%,10,didones,False,True
BodoniStdBoldItalic,95.33%,30,didones,True,False
BodoniStdPoster,95.33%,16,didones,False,False
BodoniStdItalic,94.08%,24,didones,True,False
falstaff-regular,96.26%,12,didones,False,False
BodoniStdPosterItalic,93.15%,32,didones,False,False
BodoniStdBookItalic,95.64%,20,didones,False,False
BodoniStdPosterItalic,93.46%,24,didones,True,False
BodoniStdBook,94.70%,28,didones,True,False
CENTURY,92.83%,34,didones,True,False
BodoniStdBook,96.57%,14,didones,False,False
BodoniStdBoldCondensed,95.64%,24,didones,True,False
BodoniStdBook,95.33%,24,didones,True,False
BodoniStdPosterCompressed,93.46%,34,didones,True,False
Bell MT,95.33%,26,didones,False,False
BodoniStdPosterCompressed,96.57%,18,didones,True,False
BodoniStdPoster,92.83%,28,didones,False,False
BodoniStdBook,81.31%,14,didones,True,False
BodoniStdBook,94.39%,34,didones,True,False
BodoniStdPosterItalic,95.33%,16,didones,False,False
BodoniStdBookItalic,96.26%,12,didones,False,False
BodoniStd,95.02%,24,didones,True,False
BodoniStdBold,94.39%,32,didones,True,False
Bell MT,95.95%,16,didones,True,False
BodoniStdBold,95.02%,26,didones,True,False
BodoniStd,94.70%,28,didones,True,False
BodoniStd,95.02%,30,didones,True,False
BodoniStdBookItalic,95.95%,16,didones,True,False
BodoniStdBoldCondensed,96.88%,12,didones,False,True
BodoniStdBold,96.57%,12,didones,True,False
bodoni,95.64%,26,didones,False,False
BodoniStdItalic,94.39%,28,didones,False,False
BodoniStdPosterItalic,95.02%,18,didones,False,False
Bell MT,99.07%,14,didones,False,False
BodoniStdBook,95.02%,30,didones,True,False
BodoniStdBook,95.33%,34,didones,False,False
Bell MT,93.77%,30,didones,True,False
BodoniStdBold,95.02%,24,didones,False,True
falstaff-regular,94.08%,22,didones,True,False
Didot,93.46%,26,didones,True,False
BodoniStdBook,95.64%,18,didones,True,False
BodoniStdItalic,96.57%,14,didones,False,False
BodoniStdPosterCompressed,96.57%,10,didones,False,False
BodoniStdBookItalic,95.02%,28,didones,False,False
Bell MT,96.88%,10,didones,True,False
BodoniStdPosterItalic,94.08%,16,didones,True,False
bodoni,96.88%,10,didones,False,False
falstaff-regular,96.26%,10,didones,False,False
BodoniStdBook,95.95%,20,didones,False,False
BodoniStdBold,95.02%,22,didones,False,True
BodoniStdBook,96.88%,10,didones,False,False
BodoniStdBold,95.02%,20,didones,True,False
Didot,95.02%,20,didones,False,False
BodoniStdBoldItalic,94.08%,24,didones,True,False
BodoniStdPoster,93.46%,18,didones,True,False
BodoniStdPoster,95.33%,20,didones,False,False
BodoniStdPosterCompressed,94.70%,30,didones,False,False
BodoniStdBold,95.64%,16,didones,False,True
BodoniStdItalic,95.33%,30,didones,True,False
BodoniStdBoldItalic,92.83%,34,didones,True,False
Didot,95.02%,30,didones,False,False
falstaff-regular,94.08%,26,didones,False,False
BodoniStdBookItalic,96.57%,22,didones,False,False
BodoniStdItalic,94.08%,20,didones,True,False
BodoniStdBook,96.57%,12,didones,True,False
BodoniStdBookItalic,94.39%,26,didones,True,False
BodoniStdBold,94.70%,28,didones,True,False
BodoniStdBoldItalic,95.64%,18,didones,False,True
CENTURY,93.77%,32,didones,False,False
BodoniStdBold,95.33%,16,didones,True,False
BodoniStd,95.33%,20,didones,False,False
falstaff-regular,92.52%,32,didones,True,False
falstaff-regular,92.52%,34,didones,True,False
BodoniStdPosterCompressed,95.33%,28,didones,False,False
Didot,95.64%,16,didones,False,False
BodoniStdItalic,95.95%,10,didones,True,False
BodoniStdBoldCondensed,96.26%,20,didones,False,True
BodoniStdBoldCondensed,95.02%,32,didones,False,True
BodoniStdPosterCompressed,95.02%,28,didones,True,False
BodoniStdBook,94.39%,32,didones,True,False
BodoniStdBookItalic,96.88%,10,didones,False,False
BodoniStdBoldItalic,95.33%,18,didones,True,False
CENTURY,94.70%,30,didones,False,False
CENTURY,94.70%,16,didones,True,False
BodoniStd,96.26%,12,didones,True,False
BodoniStdBookItalic,96.57%,10,didones,True,False
falstaff-regular,95.64%,10,didones,True,False
CENTURY,96.57%,12,didones,False,False
BodoniStdBoldCondensed,95.64%,34,didones,False,True
Didot,92.52%,34,didones,True,False
BodoniStdPosterCompressed,96.26%,16,didones,True,False
BodoniStdBoldCondensed,95.95%,24,didones,False,True
BodoniStd,94.39%,34,didones,False,False
BodoniStdPosterItalic,90.65%,26,didones,True,False
BodoniStd,95.33%,22,didones,False,False
BodoniStdBookItalic,96.26%,24,didones,True,False
Didot,95.33%,18,didones,True,False
Bell MT,96.88%,10,didones,False,False
BodoniStdBook,95.33%,22,didones,True,False
Didot,94.39%,12,didones,False,False
BodoniStdPoster,95.02%,18,didones,False,False
BodoniStdPosterCompressed,95.95%,24,didones,False,False
BodoniStdBoldCondensed,96.57%,12,didones,True,False
BodoniStdBold,95.64%,18,didones,True,False
bodoni,95.33%,18,didones,True,False
BodoniStdBoldItalic,95.33%,26,didones,False,True
BodoniStdBook,95.64%,18,didones,False,False
BodoniStdItalic,94.39%,20,didones,False,False
CENTURY,93.77%,22,didones,True,False
CENTURY,95.33%,20,didones,False,False
Bell MT,95.64%,20,didones,True,False
BodoniStdPoster,95.95%,12,didones,False,False
BodoniStdPosterItalic,95.33%,22,didones,False,False
BodoniStdBoldItalic,96.57%,12,didones,False,True
falstaff-regular,94.08%,32,didones,False,False
BodoniStdPoster,90.97%,30,didones,True,False
Didot,95.33%,14,didones,True,False
BodoniStdItalic,93.77%,34,didones,True,False
falstaff-regular,93.77%,30,didones,False,False
BodoniStdBoldItalic,94.39%,26,didones,True,False
BodoniStdPosterItalic,94.70%,30,didones,False,False
bodoni,92.83%,24,didones,False,False
BodoniStdBoldCondensed,96.57%,10,didones,True,False
BodoniStdBold,96.88%,14,didones,False,True
Bell MT,93.15%,24,didones,True,False
bodoni,93.77%,26,didones,True,False
BodoniStdPosterCompressed,96.26%,20,didones,True,False
bodoni,95.64%,10,didones,True,False
BodoniStdBoldItalic,95.33%,30,didones,False,True
falstaff-regular,95.33%,16,didones,False,False
BodoniStdBoldItalic,95.33%,24,didones,False,True
BodoniStdBookItalic,95.33%,30,didones,False,False
BodoniStdBold,76.64%,10,didones,True,False
BodoniStdPoster,93.46%,34,didones,False,False
BodoniStd,95.64%,18,didones,True,False
Didot,94.39%,12,didones,True,False
BodoniStdBoldItalic,95.02%,16,didones,True,False
BodoniStdPosterItalic,93.77%,18,didones,True,False
BodoniStdBook,96.26%,12,didones,False,False
BodoniStdPosterCompressed,96.26%,10,didones,True,False
bodoni,95.02%,16,didones,True,False
BodoniStdPoster,95.33%,24,didones,False,False
CENTURY,93.46%,34,didones,False,False
BodoniStdItalic,94.39%,22,didones,True,False
BodoniStd,94.08%,22,didones,True,False
BodoniStdPosterItalic,92.83%,26,didones,False,False
BodoniStdBook,95.02%,26,didones,False,False
BodoniStdPosterItalic,95.64%,14,didones,False,False
bodoni,94.08%,32,didones,False,False
BodoniStdBookItalic,94.70%,34,didones,False,False
CENTURY,94.70%,26,didones,False,False
BodoniStdBoldItalic,93.46%,32,didones,True,False
falstaff-regular,95.33%,18,didones,True,False
BodoniStd,94.08%,34,didones,True,False
Didot,95.02%,28,didones,False,False
BodoniStdPosterCompressed,95.02%,26,didones,True,False
BodoniStdPosterCompressed,95.95%,16,didones,False,False
BodoniStdBoldItalic,94.39%,28,didones,True,False
BodoniStdBold,93.46%,34,didones,True,False
bodoni,90.65%,34,didones,True,False
BodoniStdBoldItalic,94.70%,32,didones,False,True
BodoniStdPoster,95.64%,14,didones,False,False
Didot,94.39%,32,didones,False,False
BodoniStdBoldCondensed,96.26%,18,didones,False,True
BodoniStdBook,95.33%,24,didones,False,False
BodoniStdBoldCondensed,96.57%,14,didones,False,True
BodoniStdBold,96.57%,14,didones,True,False
BodoniStdPosterItalic,91.59%,28,didones,True,False
BodoniStdPoster,91.59%,34,didones,True,False
BodoniStd,95.33%,30,didones,False,False
BodoniStdPosterItalic,99.07%,10,didones,False,False
bodoni,94.70%,20,didones,True,False
BodoniStdPoster,92.83%,22,didones,True,False
BodoniStdBoldCondensed,94.70%,34,didones,True,False
BodoniStdPosterCompressed,96.26%,14,didones,True,False
BodoniStdItalic,96.26%,10,didones,False,False
BodoniStdBook,96.57%,16,didones,True,False
BodoniStdPosterItalic,95.33%,24,didones,False,False
bodoni,94.08%,30,didones,False,False
Bell MT,96.57%,12,didones,False,False
falstaff-regular,96.57%,14,didones,False,False
BodoniStdBoldCondensed,96.57%,16,didones,False,True
BodoniStdBold,94.08%,32,didones,False,True
BodoniStdBook,95.33%,26,didones,True,False
City Medium,93.77%,34,lineal,True,False
FUTURA65MEDIUM,95.95%,20,lineal,False,False
peignot,48.91%,16,lineal,False,False
FUTURA46LIGHTITALIC,94.08%,32,lineal,False,False
FUTURA56ITALIC,96.88%,16,lineal,True,False
FUTURA55REGULAR,96.26%,18,lineal,False,False
City Medium,95.33%,24,lineal,False,False
FUTURA46LIGHTITALIC,95.33%,24,lineal,False,False
FUTURA65MEDIUM,95.33%,24,lineal,False,False
FUTURA45LIGHT,93.46%,34,lineal,True,False
FUTURA75BOLD,95.02%,22,lineal,True,False
peignot,53.58%,12,lineal,False,False
FUTURA66MEDIUMITALIC,94.39%,24,lineal,True,False
FUTURA46LIGHTITALIC,92.21%,30,lineal,True,False
FUTURA56ITALIC,95.95%,18,lineal,False,False
FUTURA65MEDIUM,96.26%,16,lineal,False,False
FUTURA45LIGHT,95.33%,18,lineal,True,False
FUTURA46LIGHTITALIC,96.26%,10,lineal,True,False
FUTURA66MEDIUMITALIC,95.02%,30,lineal,False,False
FUTURA66MEDIUMITALIC,96.57%,12,lineal,False,False
FUTURA45LIGHT,94.70%,28,lineal,True,False
FUTURA76BOLDITALIC,96.26%,14,lineal,True,False
FUTURA76BOLDITALIC,95.02%,18,lineal,True,False
FUTURA76BOLDITALIC,93.77%,34,lineal,False,True
FUTURA55REGULAR,96.57%,14,lineal,False,False
FUTURA45LIGHT,94.39%,26,lineal,False,False
FUTURA66MEDIUMITALIC,94.70%,24,lineal,False,False
peignotbold,67.29%,20,lineal,True,True
peignotbold,66.36%,26,lineal,False,True
peignotthin,68.54%,32,lineal,False,False
peignotthin,73.83%,14,lineal,True,False
FUTURA75BOLD,94.70%,20,lineal,True,False
FUTURA66MEDIUMITALIC,94.08%,30,lineal,True,False
FUTURA76BOLDITALIC,95.02%,28,lineal,True,False
FUTURA45LIGHT,95.33%,16,lineal,False,False
FUTURA56ITALIC,95.02%,26,lineal,False,False
FUTURA46LIGHTITALIC,93.77%,34,lineal,False,False
peignotbold,71.96%,16,lineal,True,True
peignot,36.14%,34,lineal,True,False
peignotthin,73.21%,10,lineal,False,False
FUTURA76BOLDITALIC,93.46%,32,lineal,True,False
FUTURA56ITALIC,95.64%,24,lineal,False,False
peignotthin,62.31%,26,lineal,False,False
FUTURA45LIGHT,95.02%,28,lineal,False,False
FUTURA55REGULAR,95.33%,28,lineal,False,False
FUTURA75BOLD,95.33%,24,lineal,True,False
FUTURA75BOLD,95.33%,20,lineal,False,True
FUTURA56ITALIC,96.57%,10,lineal,True,False
peignot,41.43%,34,lineal,False,False
FUTURA46LIGHTITALIC,93.46%,24,lineal,True,False
FUTURA76BOLDITALIC,94.70%,26,lineal,True,False
peignotbold,72.27%,20,lineal,False,True
City Medium,95.02%,26,lineal,False,False
FUTURA76BOLDITALIC,96.26%,14,lineal,False,True
FUTURA46LIGHTITALIC,96.26%,14,lineal,False,False
City Medium,95.02%,32,lineal,False,False
FUTURA66MEDIUMITALIC,95.33%,22,lineal,True,False
FUTURA66MEDIUMITALIC,95.64%,18,lineal,False,False
peignot,39.25%,28,lineal,True,False
FUTURA46LIGHTITALIC,92.52%,20,lineal,True,False
FUTURA76BOLDITALIC,95.33%,24,lineal,True,False
FUTURA76BOLDITALIC,93.15%,34,lineal,True,False
peignot,56.39%,12,lineal,True,False
FUTURA56ITALIC,93.77%,30,lineal,True,False
FUTURA65MEDIUM,94.08%,34,lineal,True,False
FUTURA75BOLD,93.15%,32,lineal,True,False
FUTURA65MEDIUM,95.95%,20,lineal,True,False
peignotthin,66.67%,24,lineal,True,False
peignotthin,70.72%,16,lineal,False,False
FUTURA75BOLD,94.70%,30,lineal,True,False
FUTURA55REGULAR,94.70%,34,lineal,True,False
FUTURA55REGULAR,96.88%,16,lineal,False,False
peignotbold,61.06%,26,lineal,True,True
FUTURA75BOLD,95.02%,28,lineal,False,True
peignotbold,55.76%,32,lineal,True,True
City Medium,96.26%,22,lineal,False,False
FUTURA75BOLD,95.33%,22,lineal,False,True
peignotthin,72.90%,12,lineal,True,False
FUTURA55REGULAR,95.64%,20,lineal,True,False
FUTURA46LIGHTITALIC,93.77%,28,lineal,True,False
FUTURA66MEDIUMITALIC,94.08%,34,lineal,True,False
FUTURA56ITALIC,96.26%,14,lineal,False,False
peignot,40.81%,30,lineal,False,False
peignotbold,73.52%,14,lineal,True,True
FUTURA76BOLDITALIC,95.33%,22,lineal,False,True
FUTURA75BOLD,95.02%,16,lineal,True,False
FUTURA45LIGHT,95.95%,12,lineal,True,False
City Medium,94.08%,22,lineal,True,False
peignot,37.07%,30,lineal,True,False
peignotthin,72.27%,14,lineal,False,False
FUTURA55REGULAR,95.33%,34,lineal,False,False
FUTURA55REGULAR,96.57%,10,lineal,True,False
FUTURA45LIGHT,96.57%,16,lineal,True,False
City Medium,96.57%,12,lineal,True,False
FUTURA55REGULAR,95.64%,30,lineal,False,False
peignot,47.98%,18,lineal,False,False
FUTURA76BOLDITALIC,94.70%,20,lineal,True,False
FUTURA56ITALIC,93.77%,34,lineal,True,False
FUTURA56ITALIC,93.77%,32,lineal,True,False
FUTURA66MEDIUMITALIC,96.26%,16,lineal,False,False
peignot,42.06%,26,lineal,True,False
City Medium,96.88%,10,lineal,False,False
City Medium,94.70%,20,lineal,True,False
peignotbold,62.31%,30,lineal,False,True
FUTURA66MEDIUMITALIC,94.70%,28,lineal,True,False
FUTURA76BOLDITALIC,95.64%,18,lineal,False,True
FUTURA66MEDIUMITALIC,95.02%,28,lineal,False,False
FUTURA65MEDIUM,95.33%,30,lineal,False,False
FUTURA66MEDIUMITALIC,96.88%,10,lineal,False,False
peignotbold,76.32%,12,lineal,False,True
FUTURA45LIGHT,95.02%,20,lineal,True,False
FUTURA76BOLDITALIC,95.33%,20,lineal,False,True
FUTURA45LIGHT,93.77%,24,lineal,True,False
FUTURA56ITALIC,96.26%,12,lineal,False,False
FUTURA55REGULAR,95.02%,30,lineal,True,False
FUTURA65MEDIUM,94.39%,32,lineal,True,False
FUTURA75BOLD,96.57%,10,lineal,True,False
peignot,62.31%,10,lineal,True,False
FUTURA65MEDIUM,96.88%,10,lineal,False,False
FUTURA45LIGHT,94.70%,30,lineal,False,False
City Medium,95.33%,34,lineal,False,False
FUTURA45LIGHT,94.70%,34,lineal,False,False
peignotbold,60.44%,24,lineal,True,True
FUTURA45LIGHT,96.26%,14,lineal,True,False
FUTURA66MEDIUMITALIC,96.88%,14,lineal,True,False
FUTURA75BOLD,97.51%,12,lineal,False,True
FUTURA55REGULAR,95.95%,22,lineal,False,False
FUTURA56ITALIC,93.46%,22,lineal,True,False
FUTURA76BOLDITALIC,95.95%,16,lineal,False,True
peignotthin,61.37%,30,lineal,False,False
City Medium,96.57%,14,lineal,False,False
FUTURA55REGULAR,94.70%,32,lineal,True,False
FUTURA66MEDIUMITALIC,95.33%,32,lineal,False,False
FUTURA46LIGHTITALIC,92.21%,26,lineal,True,False
FUTURA45LIGHT,93.46%,26,lineal,True,False
peignotbold,61.99%,34,lineal,False,True
FUTURA55REGULAR,96.57%,12,lineal,False,False
peignotthin,70.09%,18,lineal,False,False
peignot,52.65%,14,lineal,True,False
peignotthin,75.08%,12,lineal,False,False
FUTURA76BOLDITALIC,95.64%,24,lineal,False,True
FUTURA75BOLD,95.95%,14,lineal,True,False
FUTURA66MEDIUMITALIC,95.64%,16,lineal,True,False
FUTURA75BOLD,96.26%,10,lineal,False,True
peignot,40.50%,24,lineal,False,False
peignotthin,68.22%,20,lineal,False,False
peignot,42.37%,16,lineal,True,False
peignotbold,71.03%,22,lineal,False,True
FUTURA45LIGHT,94.70%,22,lineal,True,False
peignotbold,75.70%,10,lineal,False,True
FUTURA45LIGHT,96.88%,10,lineal,False,False
FUTURA75BOLD,95.64%,18,lineal,False,True
FUTURA76BOLDITALIC,95.33%,28,lineal,False,True
FUTURA65MEDIUM,95.33%,26,lineal,False,False
FUTURA56ITALIC,95.33%,30,lineal,False,False
FUTURA75BOLD,94.39%,28,lineal,True,False
FUTURA46LIGHTITALIC,96.88%,10,lineal,False,False
FUTURA56ITALIC,96.57%,16,lineal,False,False
peignotbold,58.88%,28,lineal,False,True
FUTURA55REGULAR,95.64%,20,lineal,False,False
peignotbold,70.40%,10,lineal,True,True
FUTURA66MEDIUMITALIC,95.02%,26,lineal,True,False
FUTURA55REGULAR,96.57%,14,lineal,True,False
peignot,35.20%,20,lineal,True,False
FUTURA66MEDIUMITALIC,95.02%,34,lineal,False,False
FUTURA46LIGHTITALIC,92.83%,32,lineal,True,False
FUTURA56ITALIC,96.26%,10,lineal,False,False
FUTURA66MEDIUMITALIC,96.26%,12,lineal,True,False
FUTURA45LIGHT,96.57%,14,lineal,False,False
FUTURA76BOLDITALIC,94.08%,32,lineal,False,True
peignotbold,53.27%,30,lineal,True,True
FUTURA55REGULAR,96.26%,16,lineal,True,False
FUTURA76BOLDITALIC,94.70%,30,lineal,True,False
FUTURA65MEDIUM,95.64%,28,lineal,False,False
FUTURA56ITALIC,96.57%,14,lineal,True,False
peignotthin,64.49%,28,lineal,True,False
FUTURA76BOLDITALIC,95.02%,30,lineal,False,True
FUTURA75BOLD,95.33%,26,lineal,False,True
peignot,66.67%,10,lineal,False,False
FUTURA65MEDIUM,96.57%,14,lineal,False,False
FUTURA45LIGHT,94.70%,24,lineal,False,False
FUTURA56ITALIC,95.95%,12,lineal,True,False
FUTURA56ITALIC,94.70%,34,lineal,False,False
peignotthin,62.93%,22,lineal,True,False
FUTURA46LIGHTITALIC,93.15%,18,lineal,True,False
FUTURA66MEDIUMITALIC,97.82%,14,lineal,False,False
FUTURA66MEDIUMITALIC,95.95%,20,lineal,False,False
City Medium,96.57%,12,lineal,False,False
FUTURA56ITALIC,94.70%,24,lineal,True,False
FUTURA65MEDIUM,95.64%,18,lineal,False,False
FUTURA55REGULAR,95.95%,18,lineal,True,False
peignotthin,70.09%,18,lineal,True,False
FUTURA55REGULAR,95.02%,28,lineal,True,False
FUTURA66MEDIUMITALIC,94.39%,18,lineal,True,False
peignotthin,55.14%,26,lineal,True,False
FUTURA55REGULAR,95.64%,22,lineal,True,False
FUTURA66MEDIUMITALIC,96.88%,10,lineal,True,False
FUTURA55REGULAR,95.02%,24,lineal,True,False
FUTURA56ITALIC,95.33%,28,lineal,False,False
FUTURA46LIGHTITALIC,96.57%,16,lineal,False,False
FUTURA46LIGHTITALIC,95.33%,16,lineal,True,False
FUTURA56ITALIC,95.02%,18,lineal,True,False
FUTURA45LIGHT,95.95%,12,lineal,False,False
FUTURA55REGULAR,95.02%,26,lineal,False,False
FUTURA56ITALIC,95.95%,20,lineal,True,False
FUTURA65MEDIUM,95.64%,22,lineal,False,False
FUTURA46LIGHTITALIC,95.95%,18,lineal,False,False
FUTURA65MEDIUM,96.26%,14,lineal,True,False
FUTURA75BOLD,95.64%,24,lineal,False,True
FUTURA75BOLD,95.95%,16,lineal,False,True
FUTURA45LIGHT,94.70%,30,lineal,True,False
FUTURA66MEDIUMITALIC,95.95%,20,lineal,True,False
FUTURA46LIGHTITALIC,95.95%,12,lineal,False,False
FUTURA55REGULAR,96.57%,12,lineal,True,False
FUTURA75BOLD,95.02%,26,lineal,True,False
FUTURA66MEDIUMITALIC,95.33%,26,lineal,False,False
FUTURA75BOLD,95.02%,18,lineal,True,False
City Medium,94.70%,18,lineal,True,False
peignotbold,66.98%,22,lineal,True,True
peignotthin,62.62%,28,lineal,False,False
peignot,39.88%,28,lineal,False,False
FUTURA75BOLD,93.46%,32,lineal,False,True
FUTURA46LIGHTITALIC,94.39%,30,lineal,False,False
peignotbold,74.14%,18,lineal,False,True
FUTURA46LIGHTITALIC,94.08%,28,lineal,False,False
FUTURA65MEDIUM,94.70%,24,lineal,True,False
City Medium,93.46%,28,lineal,True,False
FUTURA46LIGHTITALIC,95.33%,12,lineal,True,False
peignotbold,64.17%,32,lineal,False,True
FUTURA46LIGHTITALIC,92.83%,26,lineal,False,False
FUTURA76BOLDITALIC,95.33%,26,lineal,False,True
FUTURA45LIGHT,95.02%,32,lineal,False,False
FUTURA75BOLD,96.88%,12,lineal,True,False
FUTURA65MEDIUM,96.57%,10,lineal,True,False
FUTURA55REGULAR,95.64%,24,lineal,False,False
FUTURA75BOLD,95.02%,30,lineal,False,True
FUTURA55REGULAR,94.39%,26,lineal,True,False
peignotbold,56.70%,28,lineal,True,True
City Medium,96.57%,14,lineal,True,False
FUTURA65MEDIUM,95.33%,32,lineal,False,False
peignot,41.12%,22,lineal,False,False
City Medium,95.33%,20,lineal,False,False
FUTURA65MEDIUM,95.02%,30,lineal,True,False
peignotthin,61.68%,34,lineal,True,False
FUTURA55REGULAR,95.33%,32,lineal,False,False
peignot,36.45%,24,lineal,True,False
peignotthin,54.21%,30,lineal,True,False
City Medium,96.26%,16,lineal,False,False
FUTURA76BOLDITALIC,96.88%,12,lineal,True,False
FUTURA76BOLDITALIC,95.95%,16,lineal,True,False
City Medium,95.02%,30,lineal,False,False
FUTURA76BOLDITALIC,96.26%,10,lineal,False,True
FUTURA65MEDIUM,96.57%,12,lineal,False,False
FUTURA66MEDIUMITALIC,94.70%,32,lineal,True,False
FUTURA76BOLDITALIC,95.02%,22,lineal,True,False
FUTURA66MEDIUMITALIC,95.64%,22,lineal,False,False
FUTURA55REGULAR,96.88%,10,lineal,False,False
City Medium,94.08%,30,lineal,True,False
peignot,36.45%,32,lineal,True,False
peignotbold,68.85%,18,lineal,True,True
peignotthin,67.91%,22,lineal,False,False
FUTURA65MEDIUM,95.02%,26,lineal,True,False
peignot,44.86%,32,lineal,False,False
FUTURA46LIGHTITALIC,95.95%,22,lineal,False,False
City Medium,95.64%,10,lineal,True,False
FUTURA56ITALIC,94.08%,28,lineal,True,False
peignot,46.11%,20,lineal,False,False
FUTURA75BOLD,95.02%,34,lineal,False,True
FUTURA45LIGHT,93.77%,32,lineal,True,False
peignotthin,65.42%,32,lineal,True,False
FUTURA46LIGHTITALIC,94.70%,22,lineal,True,False
peignotthin,61.37%,34,lineal,False,False
City Medium,96.57%,18,lineal,False,False
FUTURA75BOLD,96.26%,14,lineal,False,True
FUTURA65MEDIUM,96.26%,12,lineal,True,False
FUTURA45LIGHT,95.64%,18,lineal,False,False
peignotbold,78.50%,14,lineal,False,True
peignotthin,70.40%,10,lineal,True,False
FUTURA65MEDIUM,95.02%,18,lineal,True,False
peignotthin,68.22%,24,lineal,False,False
FUTURA65MEDIUM,95.33%,22,lineal,True,False
peignotbold,74.45%,16,lineal,False,True
peignot,42.37%,22,lineal,True,False
FUTURA56ITALIC,95.64%,22,lineal,False,False
FUTURA56ITALIC,95.64%,20,lineal,False,False
City Medium,95.33%,28,lineal,False,False
peignot,51.09%,14,lineal,False,False
FUTURA65MEDIUM,95.02%,34,lineal,False,False
peignotthin,72.59%,16,lineal,True,False
FUTURA65MEDIUM,96.26%,16,lineal,True,False
FUTURA56ITALIC,94.08%,26,lineal,True,False
FUTURA75BOLD,94.39%,34,lineal,True,False
peignotbold,70.72%,12,lineal,True,True
City Medium,96.26%,16,lineal,True,False
City Medium,94.08%,26,lineal,True,False
FUTURA46LIGHTITALIC,96.26%,14,lineal,True,False
FUTURA56ITALIC,95.02%,32,lineal,False,False
FUTURA45LIGHT,94.39%,20,lineal,False,False
City Medium,94.08%,24,lineal,True,False
FUTURA65MEDIUM,94.70%,28,lineal,True,False
FUTURA45LIGHT,94.39%,22,lineal,False,False
FUTURA76BOLDITALIC,96.57%,10,lineal,True,False
FUTURA46LIGHTITALIC,92.83%,34,lineal,True,False
FUTURA46LIGHTITALIC,92.83%,20,lineal,False,False
City Medium,94.08%,32,lineal,True,False
peignot,43.30%,26,lineal,False,False
peignotbold,64.17%,24,lineal,False,True
FUTURA45LIGHT,95.64%,10,lineal,True,False
peignotbold,52.65%,34,lineal,True,True
peignot,48.60%,18,lineal,True,False
FUTURA76BOLDITALIC,97.51%,12,lineal,False,True
peignotthin,68.54%,20,lineal,True,False
Centaur-Regular,95.02%,28,humanistic,True,False
perpetua,14.33%,12,humanistic,True,False
Centaur-Regular,94.08%,32,humanistic,True,False
AshleyScriptMTStdRg,94.70%,18,humanistic,False,False
Centaur-Regular,96.26%,12,humanistic,True,False
Centaur-Regular,94.39%,34,humanistic,True,False
AshleyScriptMTStdRg,92.83%,34,humanistic,False,False
perpetua,16.20%,32,humanistic,False,False
perpetua,17.13%,22,humanistic,False,False
AshleyScriptMTStdRg,95.95%,12,humanistic,True,False
perpetua,17.76%,30,humanistic,False,False
DeRoos,93.77%,16,humanistic,True,False
AshleyScriptMTStdRg,94.39%,14,humanistic,False,False
perpetua,18.38%,14,humanistic,False,False
DeRoos,93.77%,24,humanistic,True,False
DeRoos,92.83%,28,humanistic,True,False
DeRoos,93.77%,22,humanistic,True,False
AshleyScriptMTStdRg,92.52%,26,humanistic,False,False
perpetua,15.58%,26,humanistic,True,False
Centaur-Regular,94.70%,30,humanistic,True,False
perpetua,16.20%,32,humanistic,True,False
Centaur-Regular,95.33%,26,humanistic,False,False
AshleyScriptMTStdRg,94.08%,20,humanistic,True,False
AshleyScriptMTStdRg,96.26%,10,humanistic,True,False
Centaur-Regular,96.88%,10,humanistic,False,False
Centaur-Regular,95.02%,34,humanistic,False,False
DeRoos,94.08%,10,humanistic,True,False
AshleyScriptMTStdRg,95.33%,12,humanistic,False,False
perpetua,16.20%,28,humanistic,False,False
Centaur-Regular,95.33%,20,humanistic,False,False
perpetua,18.07%,34,humanistic,False,False
AshleyScriptMTStdRg,93.77%,34,humanistic,True,False
perpetua,17.76%,20,humanistic,True,False
DeRoos,94.08%,26,humanistic,False,False
Centaur-Regular,95.02%,26,humanistic,True,False
AshleyScriptMTStdRg,94.08%,16,humanistic,True,False
AshleyScriptMTStdRg,95.33%,20,humanistic,False,False
Centaur-Regular,95.33%,28,humanistic,False,False
DeRoos,82.24%,16,humanistic,False,False
DeRoos,94.39%,34,humanistic,False,False
AshleyScriptMTStdRg,94.08%,28,humanistic,False,False
perpetua,16.82%,28,humanistic,True,False
AshleyScriptMTStdRg,92.83%,32,humanistic,True,False
perpetua,17.76%,24,humanistic,True,False
AshleyScriptMTStdRg,92.52%,30,humanistic,True,False
Centaur-Regular,95.64%,24,humanistic,False,False
AshleyScriptMTStdRg,95.64%,16,humanistic,False,False
DeRoos,96.57%,10,humanistic,False,False
DeRoos,95.02%,28,humanistic,False,False
AshleyScriptMTStdRg,94.70%,22,humanistic,False,False
DeRoos,93.77%,30,humanistic,True,False
DeRoos,95.02%,24,humanistic,False,False
perpetua,16.51%,26,humanistic,False,False
DeRoos,95.02%,22,humanistic,False,False
DeRoos,92.83%,26,humanistic,True,False
AshleyScriptMTStdRg,96.57%,10,humanistic,False,False
AshleyScriptMTStdRg,93.15%,32,humanistic,False,False
Centaur-Regular,95.33%,22,humanistic,False,False
Centaur-Regular,97.51%,12,humanistic,False,False
perpetua,17.76%,16,humanistic,False,False
perpetua,19.63%,10,humanistic,False,False
DeRoos,95.33%,18,humanistic,False,False
perpetua,18.38%,14,humanistic,True,False
DeRoos,94.70%,14,humanistic,True,False
DeRoos,95.33%,12,humanistic,True,False
perpetua,16.51%,16,humanistic,True,False
perpetua,17.13%,30,humanistic,True,False
DeRoos,94.08%,32,humanistic,False,False
Centaur-Regular,95.95%,22,humanistic,True,False
DeRoos,95.64%,14,humanistic,False,False
AshleyScriptMTStdRg,92.83%,26,humanistic,True,False
AshleyScriptMTStdRg,95.33%,14,humanistic,True,False
DeRoos,92.83%,34,humanistic,True,False
Centaur-Regular,96.88%,10,humanistic,True,False
perpetua,18.07%,18,humanistic,True,False
DeRoos,93.46%,32,humanistic,True,False
perpetua,17.76%,12,humanistic,False,False
AshleyScriptMTStdRg,95.02%,18,humanistic,True,False
Centaur-Regular,95.64%,20,humanistic,True,False
Centaur-Regular,96.57%,14,humanistic,True,False
Centaur-Regular,98.44%,16,humanistic,True,False
Centaur-Regular,96.57%,14,humanistic,False,False
Centaur-Regular,99.07%,16,humanistic,False,False
perpetua,18.07%,34,humanistic,True,False
perpetua,17.13%,22,humanistic,True,False
AshleyScriptMTStdRg,94.08%,24,humanistic,False,False
AshleyScriptMTStdRg,94.70%,22,humanistic,True,False
DeRoos,95.02%,20,humanistic,False,False
DeRoos,96.26%,12,humanistic,False,False
DeRoos,95.02%,30,humanistic,False,False
AshleyScriptMTStdRg,93.15%,24,humanistic,True,False
AshleyScriptMTStdRg,92.52%,30,humanistic,False,False
Centaur-Regular,96.26%,30,humanistic,False,False
perpetua,17.45%,18,humanistic,False,False
AshleyScriptMTStdRg,93.15%,28,humanistic,True,False
Centaur-Regular,94.08%,24,humanistic,True,False
perpetua,17.45%,24,humanistic,False,False
DeRoos,91.59%,18,humanistic,True,False
Centaur-Regular,95.64%,18,humanistic,True,False
Centaur-Regular,96.26%,18,humanistic,False,False
DeRoos,93.77%,20,humanistic,True,False
perpetua,18.38%,20,humanistic,False,False
Centaur-Regular,94.70%,32,humanistic,False,False
perpetua,16.20%,10,humanistic,True,False
Bell MT,95.02%,18,transitional,True,False
Cochin,95.02%,26,transitional,False,False
BASKE1,96.57%,12,transitional,False,False
BASKE1,95.33%,24,transitional,False,False
BASKE1,94.08%,32,transitional,False,False
BASKE1,95.33%,28,transitional,False,False
Bell MT,96.26%,12,transitional,True,False
BASKE1,93.77%,20,transitional,True,False
Cochin,95.02%,28,transitional,True,False
grandjean,16.20%,34,transitional,True,False
Times Regular,12.46%,28,transitional,True,False
BASKE1,95.02%,10,transitional,True,False
BASKE1,92.83%,32,transitional,True,False
grandjean,18.69%,22,transitional,True,False
Times Regular,19.94%,24,transitional,False,False
BASKE1,95.64%,26,transitional,False,False
Times Regular,18.07%,28,transitional,False,False
grandjean,18.38%,32,transitional,False,False
BASKE1,95.64%,20,transitional,False,False
Times Regular,12.77%,32,transitional,True,False
grandjean,15.89%,34,transitional,False,False
Times Regular,19.94%,10,transitional,False,False
Bell MT,95.33%,22,transitional,True,False
Times Regular,13.71%,30,transitional,True,False
Times Regular,17.45%,10,transitional,True,False
Bell MT,94.39%,34,transitional,False,False
grandjean,16.82%,26,transitional,True,False
Times Regular,19.31%,26,transitional,False,False
Cochin,96.57%,10,transitional,True,False
Times Regular,19.00%,30,transitional,False,False
grandjean,17.45%,26,transitional,False,False
Cochin,95.64%,34,transitional,False,False
Bell MT,96.26%,16,transitional,False,False
Bell MT,95.02%,24,transitional,False,False
Times Regular,19.00%,22,transitional,False,False
Times Regular,20.25%,12,transitional,False,False
Cochin,96.57%,12,transitional,True,False
Times Regular,14.02%,22,transitional,True,False
BASKE1,94.39%,16,transitional,True,False
Cochin,95.64%,22,transitional,False,False
Bell MT,94.70%,32,transitional,True,False
Bell MT,95.02%,32,transitional,False,False
Cochin,95.02%,32,transitional,False,False
Times Regular,19.94%,14,transitional,False,False
grandjean,21.81%,14,transitional,False,False
grandjean,21.81%,10,transitional,False,False
grandjean,18.07%,28,transitional,True,False
Bell MT,95.02%,28,transitional,False,False
Bell MT,95.02%,30,transitional,False,False
Times Regular,14.64%,20,transitional,True,False
Cochin,95.64%,28,transitional,False,False
Times Regular,10.90%,34,transitional,True,False
BASKE1,94.70%,30,transitional,False,False
grandjean,17.76%,30,transitional,False,False
Bell MT,97.51%,14,transitional,True,False
Cochin,95.33%,20,transitional,False,False
grandjean,18.07%,12,transitional,True,False
Bell MT,93.77%,34,transitional,True,False
Bell MT,93.77%,28,transitional,True,False
BASKE1,94.08%,34,transitional,False,False
grandjean,17.45%,24,transitional,True,False
Times Regular,19.31%,18,transitional,False,False
Bell MT,95.95%,18,transitional,False,False
Bell MT,95.64%,20,transitional,False,False
grandjean,18.69%,32,transitional,True,False
BASKE1,95.95%,16,transitional,False,False
Bell MT,94.39%,26,transitional,True,False
BASKE1,96.57%,10,transitional,False,False
Cochin,95.64%,18,transitional,True,False
Cochin,96.26%,16,transitional,False,False
Times Regular,19.63%,16,transitional,False,False
Bell MT,95.64%,22,transitional,False,False
Times Regular,14.95%,26,transitional,True,False
Cochin,95.02%,24,transitional,False,False
grandjean,16.51%,24,transitional,False,False
BASKE1,95.95%,18,transitional,True,False
BASKE1,94.08%,26,transitional,True,False
grandjean,19.31%,12,transitional,False,False
Cochin,95.02%,34,transitional,True,False
BASKE1,96.57%,14,transitional,False,False
Bell MT,95.33%,26,transitional,False,False
Bell MT,95.95%,16,transitional,True,False
grandjean,19.00%,18,transitional,False,False
Times Regular,16.51%,12,transitional,True,False
Bell MT,99.07%,14,transitional,False,False
BASKE1,94.08%,24,transitional,True,False
BASKE1,95.33%,14,transitional,True,False
Bell MT,93.77%,30,transitional,True,False
BASKE1,94.08%,28,transitional,True,False
Cochin,95.64%,18,transitional,False,False
Bell MT,96.88%,10,transitional,True,False
grandjean,19.00%,18,transitional,True,False
Cochin,93.77%,24,transitional,True,False
grandjean,17.45%,20,transitional,True,False
Cochin,95.02%,30,transitional,True,False
grandjean,20.25%,10,transitional,True,False
grandjean,18.38%,16,transitional,False,False
grandjean,22.12%,14,transitional,True,False
Times Regular,15.26%,18,transitional,True,False
Cochin,91.90%,10,transitional,False,False
BASKE1,95.64%,18,transitional,False,False
Bell MT,96.88%,10,transitional,False,False
Cochin,95.02%,26,transitional,True,False
Cochin,95.33%,32,transitional,True,False
Times Regular,17.76%,32,transitional,False,False
Bell MT,95.64%,20,transitional,True,False
Times Regular,17.45%,34,transitional,False,False
grandjean,18.69%,22,transitional,False,False
Cochin,95.95%,16,transitional,True,False
Bell MT,93.15%,24,transitional,True,False
BASKE1,93.46%,34,transitional,True,False
Times Regular,15.26%,24,transitional,True,False
Times Regular,19.31%,20,transitional,False,False
Cochin,95.02%,20,transitional,True,False
BASKE1,95.33%,22,transitional,False,False
Cochin,95.64%,12,transitional,False,False
BASKE1,94.08%,30,transitional,True,False
grandjean,18.69%,30,transitional,True,False
Cochin,95.33%,30,transitional,False,False
Cochin,99.07%,14,transitional,False,False
BASKE1,95.95%,12,transitional,True,False
grandjean,18.07%,16,transitional,True,False
Times Regular,15.26%,16,transitional,True,False
Times Regular,16.20%,14,transitional,True,False
grandjean,18.07%,28,transitional,False,False
grandjean,16.82%,20,transitional,False,False
BASKE1,93.77%,22,transitional,True,False
Bell MT,96.57%,12,transitional,False,False
Cochin,95.33%,22,transitional,True,False
Cochin,96.88%,14,transitional,True,False
